n,threshold_mean_1000,threshold_med_1000,sd,threshold_lo_1000,threshold_hi_1000,model
2716,49.29960482326951,47.728649999999995,0.010221735308457753,35.507825,72.33605,U5MR
2688,27.540139174107143,26.8443,0.005149968091543577,20.36208,39.257299999999994,IMR
