model,type,mean_threshold,sd_threshold,cv,n_scenarios,range_width,robustness
IMR,analytical,29.412466607636944,3.9913574681401305,0.13570291541287377,8,12.434250998336076,Robust
IMR,crossing,30.777529610331356,2.269842104590382,0.07374997712059529,8,6.688671127862289,Very Robust
U5MR,analytical,52.479501345926934,7.519446348712717,0.14328349461911036,8,23.656423361339364,Robust
U5MR,crossing,55.334715699261785,3.7635495191146466,0.06801425599743084,8,11.197094123803744,Very Robust
