model,type,mean_threshold,sd_threshold,cv,n_scenarios,range_width,robustness
IMR,analytical,29.764871514680607,4.560120771520059,0.15320478602674026,8,14.43492749151978,Robust
IMR,crossing,30.87706669532064,2.57454473095967,0.08338048287954236,8,7.741144623873577,Very Robust
U5MR,analytical,53.137222005115646,8.587986103490755,0.16161902672789272,8,26.995102549912446,Robust
U5MR,crossing,55.443095671702736,4.335937109136618,0.07820517697660975,8,13.336589878626292,Very Robust
