variable,median,mad,2.5%,97.5%,model
beta_mortality,1.3267799999999998,0.040452741,1.24628,1.40715025,U5MR
beta_trt,-0.32201650000000004,0.11048335199999995,-0.542562025,-0.10499435000000011,U5MR
beta_trt_mortality,-0.0935648,0.04893647472,-0.19260675000000002,0.002976412499999986,U5MR
beta_mortality,1.524425,0.052350605999999925,1.41609925,1.6315957499999998,IMR
beta_trt,-0.40707,0.1725516597,-0.7481582499999999,-0.07036130250000003,IMR
beta_trt_mortality,-0.101508,0.059146844399999995,-0.21965415,0.011836414999999793,IMR
